BusinessID,premium_charged
00003A17,363714.2568981252
00003A35,229220.87624598594
0006A149,332168.0731014761
0000A221,572894.7780857224
0001A225,262324.265793367
0006A238,241179.2188712536
0005A383,463501.75848790776
0005A594,192763.0970285689
0005A842,187316.424304528
0004A920,111040.04553354053
0004A922,263454.8516114379
0002A923,393421.8837294019
001A1037,472875.97213057044
007A1121,188401.93320387014
006A1175,136912.26320364073
006A1236,805787.9243393597
005A1491,364334.63271250343
004A1558,427448.34948164714
006A1667,130160.70837562892
004A1728,279513.72545246815
003A2016,185676.9696902349
004A2103,485648.64108296315
001A2285,614752.2298145997
004A2306,285675.1243528068
003A2352,481797.92877243285
008A2402,215387.31432966836
005A2531,272249.98270456295
002A2838,302821.37826604326
007A2846,718744.7887660211
004A3071,382258.4561098374
006A3101,584857.0873844572
003A3255,408240.28853287164
007A3266,410710.186453183
008A3268,232466.4638940165
003A3327,626854.6958688834
005A3329,449993.5590675821
005A3332,345658.08092469734
006A3371,230140.3337886671
007A3429,504134.68637131853
002A3457,333422.89873722964
007A3633,175247.75305856825
001A3951,363458.0790056361
005A4027,156584.7218535876
008A4028,212546.32709592415
005A4123,189316.45894287518
000A4136,161348.54135070925
005A4164,523450.7387592277
003A4223,286784.10169376543
005A4241,159995.18144739198
004A4353,175425.99551190235
002A4379,469445.81684845407
004A4389,744153.2036189898
002A4434,567809.7482433362
007A4437,314844.34062522574
007A4742,259796.86865029472
004A4821,432061.08503972
003A4928,328731.9969475849
008A4944,257159.3470399924
007A5076,118187.13924920825
001A5197,421903.3119634978
006A5235,298023.8023873489
002A5398,209795.89818198478
003A5675,167766.5801055309
003A5676,532875.6484222312
003A5736,166599.10053580283
002A5901,424089.8248338532
005A5953,289116.38812348945
005A5970,377725.1834360435
006A6056,693351.05022759
008A6209,662203.3841413425
003A6333,258423.68106279385
006A6492,367732.62026303884
008A6587,175860.75067282075
004A6708,100889.95350756645
007A7016,110719.90136059877
001A7093,322745.57153837685
001A7266,416717.70504175127
003A7273,135587.4762961384
002A7322,195297.0118592284
002A7324,141865.99211816728
001A7334,370164.3484990056
007A7348,511320.44211802573
002A7387,221001.05838801092
003A7556,295107.239520357
004A7570,287105.97697305
008A7589,625509.1362520129
004A7594,242298.2692003134
003A7799,247502.44380308155
007A7844,242866.22455234156
007A7962,499631.4494946508
002A8043,471293.92273482337
006A8068,276568.74776632
009A8081,301778.10098356253
002A8580,199022.94569500824
005A8592,63735.442210544876
009A8626,114082.86595418457
008A8641,578564.1019908732
001A8662,106931.38994493625
006A8740,171518.7925923347
002A8812,650197.3629532483
003A8888,296825.700150851
002A8920,138481.62747643233
001A8934,446604.55672863836
008A8998,578034.6650266758
007A9002,219457.81159796187
004A9083,207642.89298669656
008A9139,288915.169680378
001A9181,763364.4416949685
006A9182,206167.1740112252
005A9727,301096.7571460912
009A9836,474306.8217348727
003A9864,205802.34043138934
03A10031,361070.4961915858
02A10059,482839.8697091569
01A10137,274332.7866252207
08A10268,490441.80445114116
07A10341,238477.9816479196
03A10397,603452.3118018948
05A10446,68780.89113707683
07A10697,537473.8825335485
07A10735,73026.94682215522
02A10776,207786.86286347706
07A10824,322649.0311264806
06A10865,370876.6465039571
08A10899,334725.7259795753
03A10934,512384.38684175495
08A10940,275501.4671532575
08A11036,297942.20054822444
03A11139,304156.3884927056
06A11177,306436.23296271294
02A11252,407789.3495689832
02A11452,326198.52580738225
07A11483,257411.13892491057
03A11515,442000.3283685152
06A11587,848244.8132840665
03A11685,238024.96445957277
04A11823,673516.8772931412
04A11889,180624.54902936664
03A11938,264089.33032839635
07A11939,104839.49757691633
02A11959,152054.21220294086
06A12218,583178.8812035363
06A12311,136567.18744041698
02A12325,216084.4999053647
03A12396,379466.486674778
06A12467,420018.3805446884
07A12480,172282.85593844997
02A12507,197204.56445785332
02A12537,483223.8685660801
02A12546,270738.4425373647
04A12550,319839.67778272583
01A12624,594818.1978864087
04A12655,215412.84791214333
02A12687,129377.84658570492
02A12709,72397.24632632798
06A13011,493825.2886800558
07A13082,494140.29984484427
03A13228,232198.5552791152
01A13259,366982.3887952536
08A13261,175959.37956677392
04A13642,170872.87862430073
01A13716,407447.27138639736
06A13900,76192.14585388654
01A14037,675580.2441434794
08A14080,413802.2310843107
07A14098,646491.3120759538
09A14140,304011.02237087773
03A14174,654834.8144642452
02A14210,1045659.9689428646
04A14341,183840.38448319028
00A14397,262480.51298196963
05A14649,156057.68226581346
06A14730,443595.9082291481
02A14778,224850.31106167665
06A15122,424418.7861348913
07A15206,404015.77725705475
03A15214,368849.33469682944
05A15357,295438.2476529515
03A15534,359869.82640723314
05A15659,245852.0701504963
02A15664,297483.42756118986
04A15860,206599.49665592058
08A15866,150118.22673517524
01A15909,122158.17396844896
02A15912,544182.4799764164
07A15917,529420.9288856175
06A15931,530473.4385530162
04A16072,186536.20323304663
04A16302,373787.420818877
04A16412,124652.79084282076
08A16541,505141.0565564241
05A16637,618507.4430660141
01A16658,557875.5453702946
05A16679,209648.0726954203
01A16876,329977.8432794002
01A16924,224360.14361829625
01A17277,255380.84508186806
00A17407,193684.30909935755
05A17534,210195.42828461467
03A17574,351462.6166801106
02A17581,189351.1090333589
07A17629,446006.2222591154
06A17660,875001.1606562478
08A17685,516061.7175584725
02A17689,245163.00951040105
08A17778,223443.73836349454
08A17939,409357.61394261254
06A17952,481181.3022788178
07A17954,415490.93133043067
08A18072,229584.4578075219
02A18074,288451.0496497561
03A18235,251171.98922548266
04A18405,194687.01154367375
08A18555,229542.44103957256
08A18582,277942.26530318864
01A18609,660753.267506343
03A18659,188452.2133962544
01A18688,256135.918679736
03A18829,237291.87614968763
01A18899,184375.31619963818
06A18914,187245.63975803656
06A18940,90955.84203748824
08A19129,727159.117531518
05A19151,263816.0077322766
02A19184,582552.1740832715
04A19417,140671.0912073851
05A19421,146953.43160618047
04A19458,252083.8015091651
08A19466,180874.7574701454
08A19602,572821.55896536
02A19763,105376.98778360806
08A19768,393499.8661506584
05A19815,358028.52962715714
06A19839,425974.3119229211
04A19864,418909.3294265518
03A19946,184763.73554108408
04A20059,311136.5458110213
01A20072,505678.4030592557
06A20271,161611.57288733165
06A20296,281657.97025569214
03A20351,143329.88248258035
03A20389,311226.9740344594
05A20424,733734.8098384105
05A20622,585877.779462935
06A20627,457396.0698724232
01A20865,252657.83171324877
04A20962,236978.25660146066
04A21430,507172.0569529246
04A21473,304826.0603251598
08A21570,483331.24440844706
03A21580,147542.3777762103
02A21770,337093.9182452216
01A21981,438987.04777962127
06A22171,608484.1461238911
08A22357,305238.9142885491
02A22471,515206.6969423863
05A22485,159327.88251792613
05A22617,162105.1665649673
07A22629,282751.51820603845
07A22803,100902.47527268552
07A22809,337152.25251045
07A22880,653235.1660371997
07A22924,447038.41169787507
05A23016,168580.73894585037
03A23140,175135.19690502647
01A23174,410549.0228154579
04A23220,152175.49585910866
06A23304,154931.4216484006
04A23409,406956.23519531
04A23507,549725.1222414735
04A23539,723741.6816791834
06A23580,589489.1248319674
06A23591,281097.7899937491
08A23881,907764.980371117
07A23934,232302.27962552258
06A24004,83327.78527301132
08A24043,408310.12004227523
06A24068,183469.70147667278
01A24186,447338.67972973554
03A24188,523611.05449521577
07A24340,205054.1854868167
06A24356,442568.12833467696
03A24438,275555.8357558663
05A24507,157005.72316980778
08A24900,331616.1526053351
00A24980,276296.2750266578
04A25176,345211.0704225807
04A25191,461344.67484783183
03A25194,133655.04252539173
05A25374,457073.1148068037
06A25405,352900.3352850503
05A25424,537356.1792677719
01A25558,388950.3266378067
02A25700,459531.013338966
07A25804,613599.0784256352
05A26031,390158.4796477694
07A26058,452320.65868747147
05A26298,105313.38868407143
03A26442,204961.50937903448
03A26539,324223.02265925874
04A26542,378180.5169534836
02A26709,434447.5900762368
01A26829,188271.52014139495
07A27129,112990.71130712399
07A27182,190049.50951000518
09A27282,521602.2889282312
01A27339,486909.81916408584
06A27383,225477.80102897887
05A27517,587099.3590475982
04A27708,258263.7778647349
06A27732,223130.14162037356
05A27823,197507.6391195062
00A27910,421624.3612241894
07A27937,128288.4602179724
03A27971,178343.48120443695
02A28032,395162.7276849891
01A28171,351819.5603507387
04A28218,438311.25156826916
06A28238,582507.5425221602
08A28323,572270.6997237041
01A28529,365135.6214218084
07A28681,249676.05644351023
03A28715,421878.1060539322
02A28805,142378.97296216863
05A28870,430522.680061385
06A28966,601518.2704471872
04A29119,216266.82271476646
06A29131,104993.20082295303
06A29142,638217.0314583651
05A29203,341379.559016724
06A29238,937235.8821016956
09A29537,332652.5169749281
06A29743,475116.22731205955
03A29778,491115.9015751571
07A29834,293835.00996882224
03A29945,539929.8382380463
02A29957,447103.0748750327
04A30340,347364.91875702894
05A30415,223495.18347523306
04A30444,942276.8950024866
07A30458,673378.9364782885
02A30929,102463.91437417312
07A30966,236548.09809449976
08A31035,244609.1691136021
04A31271,227256.3081898459
08A31304,374053.6864637718
08A31405,287398.2727093435
05A31417,443677.9978954772
03A31492,977253.2631767765
01A31502,161270.68901920595
07A31529,318087.02054691524
02A31736,425152.8416680199
08A31753,431142.01963386097
03A31904,339167.7548125632
06A31917,166186.31013142542
03A31939,137590.39679989204
06A31986,218934.01894393686
06A32035,108736.11936335161
08A32265,236250.30323112622
06A32312,724969.3362793553
03A32346,586664.8063797168
01A32485,544199.8896552351
01A32581,631563.7422712258
04A32609,667479.4402790214
04A32625,62573.03502223025
01A32855,217924.9849216998
04A33196,416952.52444676444
08A33254,245137.67642310617
01A33273,610542.3750840653
04A33292,155891.98084724045
09A33447,106232.73446311396
06A33501,479731.3977078287
06A33506,263411.46670248045
08A33549,496702.13194897585
02A33596,143164.78148723478
02A33634,245830.30751704588
08A33735,278039.073262249
01A33771,257896.5245735848
03A33776,156497.7036700576
03A33842,142842.75753805754
08A33844,313910.6887314481
08A34050,480264.1416594505
08A34064,307615.10077009565
01A34079,202203.50587757822
09A34101,249346.51167385405
08A34106,549679.267466648
08A34342,249350.58833229062
02A34487,214036.31059347602
01A34516,91096.16413609586
04A34562,400738.9162427986
01A34639,105353.18179704499
05A34697,401540.6192334053
03A34723,437592.8563409761
01A34725,455994.9526165513
04A34729,212161.19419193873
06A34755,229265.67854188796
08A34768,1161383.0087782664
07A35210,155299.41838596447
08A35250,130147.98601412184
06A35274,96310.26977394565
03A35308,575319.6251450222
04A35454,189258.42496113124
00A35569,400239.8661002683
03A35875,383435.68120839045
09A35923,388779.8327511335
03A35927,382664.70843490714
05A36177,380819.7984584877
07A36298,364273.07309532
08A36302,271430.4965163409
03A36434,696560.3926223828
01A36546,311106.5506621587
01A36706,220784.71073765281
01A36733,167680.3891219166
03A36861,448219.54317888623
02A37067,617796.9086604591
04A37293,256966.02217931297
05A37389,123738.70777312688
04A37440,266300.27296343393
03A37543,153392.308743246
03A37716,768917.5825638146
07A38075,529151.4251108768
03A38111,158870.7641241611
00A38122,263948.5511284246
04A38152,406107.9148247235
06A38165,151760.7941432722
01A38314,425908.7902532071
03A38551,523333.7676179429
01A38563,279943.3230422861
04A38740,87313.3882572165
07A38776,272182.14366076945
01A38805,283092.49700679607
03A38856,79159.40555239267
06A39108,379922.07198172907
06A39115,287024.5531875627
08A39207,135400.33904902544
08A39318,407264.20188322384
01A39354,461478.9974566825
08A39465,371400.8534955807
07A39491,281755.7834553202
01A39626,81886.35645839175
07A39663,393719.2727733992
07A39698,307468.46155059285
08A39707,171670.2268957262
02A39719,391947.40485207574
08A39877,212119.82878336878
02A39900,238110.04293268445
08A40149,573082.0235996166
03A40153,465394.4335005676
03A40323,487167.4965300377
04A40422,170432.2075938401
04A40474,503652.89578901697
08A40869,273099.2621976913
01A40887,299103.0756261376
04A40996,285276.4041373028
04A41129,642876.9436231701
06A41145,448352.66659668705
06A41164,132954.01345227307
04A41167,293078.17623503366
03A41289,159233.93100288918
06A41446,437088.82886028726
07A41461,379338.6928081618
02A41488,491257.48529330344
04A41633,486598.19374051085
05A41732,324276.35599188064
08A41765,405191.0895269781
05A41811,252411.9396122363
04A41839,411827.0379292474
04A41919,145220.33136748002
03A41976,403339.97935718513
05A41989,262672.51772122626
05A42123,444832.88479659316
04A42409,326932.0970307614
07A42768,683108.3663980796
01A42841,204393.83530284197
06A42844,278201.29499419243
02A43141,205380.37178118902
04A43178,614487.8291237571
04A43226,295517.79052578233
08A43285,215983.29734787988
03A43339,255014.9467735723
05A43429,486440.5970605242
02A43467,490532.57006494276
05A43491,179433.9162629391
09A43564,288153.30630141305
01A43668,479020.12849118846
03A43907,284102.18619261956
08A43910,336279.90211685514
04A43960,755621.6453959193
02A44047,180827.07583747854
08A44187,396951.5430005087
03A44413,320431.18433756597
07A44426,395746.92241196346
08A44490,141818.78006670656
03A44684,489074.4806126034
05A44876,310124.6688326211
05A44881,240523.3043047666
04A45156,307472.0612255918
08A45171,436116.98445002164
05A45519,119375.55627110027
05A45638,297775.9122683326
03A45673,166118.60004466664
06A45782,721574.3884307978
04A45847,246921.40639095387
05A45860,79904.20736877355
01A45889,238615.53095082214
00A46019,213781.07516242028
07A46038,514870.6045630374
01A46086,253004.03451269356
05A46091,183164.07522573532
05A46120,526190.4045947633
06A46218,535949.1933000593
04A46241,343909.7665188208
08A46333,200788.9589707221
05A46561,303447.77336533845
00A46568,162931.68889458635
03A46579,635606.0344534952
09A46771,360248.272926908
05A46802,375890.38295847975
04A46944,233118.29794522517
07A46953,305425.5931821492
07A47077,478340.98338353605
02A47177,98868.4445523493
07A47290,293382.7794437977
03A47346,304187.2709507967
01A47358,588106.2322367819
06A47638,246029.9870357565
08A47652,158882.36736958844
03A47675,190178.63074644792
02A47875,466864.08299165644
08A47964,249965.92971330747
08A48098,432502.8978977746
02A48434,250497.7126022772
08A48511,400297.0745953423
05A48516,422242.29340333596
00A48573,105772.35465253495
01A48758,493521.61796086526
06A48772,406580.44766270823
06A48858,90697.62006947678
04A49031,181923.88260984642
01A49096,519400.6936432225
04A49108,173443.3798755921
04A49183,512932.0334132045
08A49240,687943.7388753211
03A49273,179433.9162629391
06A49321,142224.71046144483
03A49537,365222.2919381385
07A49603,307772.14008023485
07A49713,701133.3981636952
00A49724,207860.09316209576
05A49894,136333.3324355979
07A50055,397081.117706612
01A50074,239068.23166627804
02A50137,66844.87607850145
02A50288,323672.3803831498
01A50449,371621.22297370696
01A50528,523295.68068731285
02A50598,528379.6869909458
02A50616,595912.2915483649
06A50739,342719.27728277136
02A50752,530069.5187266108
05A50969,316054.2216809919
00A51353,606013.4260977887
06A51371,476105.4149519265
06A51492,105434.22692114994
01A51654,499195.28933256917
01A51666,476165.15606645145
03A51670,587758.2887342414
01A51767,277515.6717161497
02A51811,355656.14948886924
01A51824,343761.1189735756
02A52002,246701.52817838546
05A52132,245605.7200183241
02A52208,190897.9042128342
07A52233,381259.32371248386
06A52285,233175.74696744294
06A52325,197551.21386171746
04A52357,141681.85300739203
08A52437,82251.30068092217
06A52653,583398.6286752059
03A52706,133005.7462228975
06A52835,305119.49400880205
01A53128,129989.36387481506
05A53495,483211.4385281654
04A53671,439762.21249534807
06A53679,389862.1280540293
05A53875,250509.13688383225
05A53899,75462.23461026364
02A53974,394502.23547802016
06A53981,507320.6575238736
07A54097,167772.6452699558
06A54179,350035.68918256887
04A54411,250128.4643914725
05A54499,551175.4204901953
06A54500,305583.1702214137
02A54513,514323.41045801353
04A54538,150705.69732270433
06A54639,233475.17990674108
01A54703,285679.41754268913
07A54859,404368.79722730693
01A54884,202659.4520900746
07A54933,144188.78162765477
02A55285,495129.104067745
02A55371,300023.4042289535
06A55379,376282.0071642711
05A55439,76426.44123344164
01A55798,427240.2636583575
08A55823,111079.73556536497
01A55947,83591.41980766374
04A55948,386020.2428125443
05A56041,333196.0389158885
02A56091,339067.43695257703
03A56313,274711.82917884755
03A56319,321461.13813861867
05A56403,106120.63827587743
05A56405,218723.45142121665
04A56436,291505.7622851738
07A56521,373801.20906289323
02A56648,690609.1634550492
05A56713,339686.9252235854
07A56889,197872.94828425557
04A57075,260759.74983814312
09A57188,195256.3355316058
02A57235,105216.55005091938
06A57279,393096.41916533414
03A57355,297758.1475786832
08A57374,481374.73162125476
04A57496,705951.7376098112
01A57620,192747.63637053483
01A57651,290969.63808306947
05A57660,632397.0860042503
08A57673,317454.83634511405
02A57705,304577.21941434505
06A57724,228945.55740869543
06A57819,242642.5858699912
01A57837,364423.22200212296
09A57936,237143.50179387562
07A58041,686800.3657329509
02A58044,397229.2698912201
03A58112,268522.4802467719
02A58134,328852.38101667975
05A58305,433251.1073893324
05A58310,153789.13558001563
02A58359,264017.9770274614
03A58586,163413.28648956268
02A58680,148529.21428048972
08A58697,248246.47773088803
07A58763,403731.81155459094
05A58912,475320.1014291865
01A59130,165432.73394960412
01A59189,198216.03951845338
07A59330,357680.5453666719
03A59357,342230.5488322421
06A59405,540755.2346472422
08A59416,339352.57658976613
03A59612,265510.3840004699
00A59613,108535.77595743533
03A59621,287545.3347684949
05A59784,105249.39333847746
02A59949,373301.6509194219
01A59969,328910.3516729143
03A60139,360675.69793028117
06A60282,190440.53201623718
03A60316,175053.89323697897
08A60437,221404.44124387662
02A60504,469130.7404587222
08A60611,304891.9362433049
01A60702,514527.4297388924
07A60740,208084.99491376444
01A60747,478492.8002871341
09A60854,324489.19508682884
05A60932,246072.912321282
04A60936,326496.4699048226
03A61032,442767.88699817547
08A61105,169505.40687971262
02A61204,876573.2467555994
04A61468,261518.6383932638
01A61493,744886.6158308896
01A61530,269630.5739269469
08A61586,372811.69744734024
08A61693,209587.1361864409
02A61899,403273.0825600409
07A61900,537892.517654828
06A61953,334297.0398869404
07A61971,92087.09325086635
09A61981,167778.11051270156
07A62283,392042.1907204687
05A62605,404248.08119551657
06A62776,221794.2877518325
05A62781,259927.234871927
05A62883,352410.0789188893
02A62964,386028.44191137946
02A63032,316809.4001528083
03A63135,449582.3716067666
00A63190,433615.462994664
09A63237,237990.27520323775
02A63430,381339.4721033302
07A63482,545746.5190213887
05A63552,269107.2167965735
03A63659,116985.60712153664
04A63660,877955.605089491
09A63790,194765.86031308305
09A63812,434200.57489232026
05A63862,278000.8788463808
09A63885,127914.09886782139
05A63974,333074.18922833016
05A63995,412737.70473607414
08A64144,596629.7974313735
04A64440,361424.86354016565
05A64496,385531.8905574854
05A64552,319043.1734060421
01A64579,264816.55832616804
07A64596,474701.15536428534
06A64681,876884.2342479447
01A64738,170759.43097894962
07A64905,149616.10657338542
08A65140,310926.279605936
01A65401,194064.67396705537
08A65501,118568.85317526033
00A65546,354000.74194124877
03A65613,594002.6582977149
04A65941,339786.8047837998
07A66335,368828.70273922203
06A66442,328932.32187904394
02A66459,185610.03437049323
07A66643,266039.34373904316
05A66683,479707.40578010975
08A66738,272943.9878633956
04A66755,268746.8149459515
01A66769,410499.5645629747
07A66928,118605.26601677008
05A67053,232715.77681688676
08A67114,260914.81496611767
09A67161,470841.798871379
06A67173,173462.79546324624
02A67274,870117.6493974976
06A67297,306578.6540741774
09A67325,334253.0799601331
03A67351,343969.16326194996
06A67357,513156.9514925155
03A67669,300844.3236736102
03A67730,404147.55952086375
08A67805,249397.54769847792
02A67828,877856.001975383
09A67901,313223.93516715424
04A67992,193483.06302276888
02A68105,412566.02724673325
07A68134,296673.46329377365
07A68138,198760.1733470559
06A68171,95209.24703113969
08A68196,657324.7255244881
05A68256,317503.6065425983
02A68375,349865.10309409106
00A68454,411561.81389866833
01A68626,530713.0074590339
08A68757,376596.8844146242
06A68891,362847.23995201115
02A69139,301949.0093587749
02A69345,278029.15826316405
06A69368,70266.53339115463
02A69535,345932.17364634573
02A69583,545330.7674133088
05A69658,628449.3204906366
09A69991,256863.76365126486
07A70030,403952.5481060041
06A70120,150232.43920674303
07A70257,595013.5052980897
05A70515,492795.1046010288
06A70530,528867.4423860032
05A70739,578558.508729732
08A70751,470651.49656329886
04A70831,455206.8333190566
03A70835,184551.27541659662
02A71033,751338.718107821
03A71100,710213.0229670618
07A71218,219914.99852047735
00A71414,201544.29269140217
03A71433,382057.86953566
04A71481,307180.56445816025
06A71620,581708.0856618937
01A71753,350766.08304734156
06A71777,239088.2775601017
06A71873,537436.5288663548
09A71948,584920.5360738743
08A72020,490664.3958805136
03A72083,174109.14811249432
03A72096,187986.94794386154
04A72156,391983.97606749064
09A72306,208367.35496668651
03A72372,342179.0346605644
04A72391,207849.42852090084
04A72488,196009.0486925797
00A72489,373825.8613741608
09A72631,463572.7918458678
02A72756,354364.752864036
06A72820,485648.64108296315
02A72993,557172.4807410267
01A73009,444667.8675929769
06A73051,655365.9206506113
08A73191,410884.7425300449
02A73230,237455.47757842173
03A73243,121897.91943075578
01A73577,347899.35957536404
02A73618,545714.4971981543
02A73634,128158.7061329231
06A73639,573407.5444131297
01A73713,518469.8185096392
08A74022,121851.0454665481
06A74104,133001.61255829278
05A74124,306186.1915912206
07A74212,257466.2529866096
04A74309,229330.68115488993
05A74334,220755.55842310426
01A74351,443203.0441111699
01A74656,651449.8575056058
05A74699,266375.09783845424
04A74854,539093.878177394
05A75184,98826.42705674532
03A75275,251080.78761505868
03A75433,342276.3128023666
04A75564,566679.195393465
01A75579,175844.63258688172
07A75669,207338.29418093088
02A75696,185420.8414539981
04A75757,156251.43461813973
09A75783,78603.05424580781
05A75883,340697.07700258883
07A76077,92778.12179527195
07A76187,266564.36301893345
07A76310,404849.079570619
08A76317,447900.275277856
08A76360,310743.8231615016
08A76385,302270.0640006068
03A76399,362183.7771644706
05A76471,195267.00166635902
03A76511,524774.3176391247
07A76666,722252.9039776644
02A76747,421894.06786552723
02A76867,384114.084095458
04A77150,259253.77417493513
03A77329,325027.3734503762
08A77506,932739.4024192215
08A77610,148263.73846553723
05A77728,247840.51055507705
05A77822,268702.4509009237
05A77857,263569.1287919834
01A77874,438100.2844472591
02A77984,534048.019574036
02A78018,148022.6461931818
07A78066,250495.99778674982
04A78098,246816.92273406315
07A78392,296977.4465339641
01A78684,402066.21883098135
02A78881,372284.1555847152
09A79024,174342.88316943418
00A79068,166115.8724803589
08A79142,144326.10057065095
01A79427,684003.8273599118
02A79625,373923.87333322444
01A79635,161668.83189208424
05A79639,271219.29385126336
06A79681,159386.83872179218
06A79745,400914.23178719904
02A79829,126556.99525957581
07A79863,472241.82690687216
01A79927,272254.01791465015
03A80075,487734.4061833883
03A80100,284099.66340658977
05A80123,304651.0746502932
05A80174,354704.1229003449
04A80253,282104.01837228937
01A80489,350222.91329452995
05A80526,141600.07398665484
04A80540,321757.24600105453
08A80541,140571.24517918128
07A80944,357764.44126512425
07A80970,715249.578680861
05A81047,442160.25414868555
00A81182,176733.1986916572
03A81247,151443.94741468065
02A81542,715629.4050146001
02A81606,334090.1864741204
07A81632,212252.0182616416
03A81690,611920.668176306
05A81793,314071.17317729525
03A81867,197456.73961270927
07A82149,446103.1252275827
04A82239,221743.11341972134
05A82281,134054.91398966868
01A82406,298515.24374888954
05A82420,220925.4365059407
06A82504,200370.20738490188
03A82626,290338.7542620898
08A82671,296774.954179477
07A82675,249176.4738323785
06A82863,185880.16525486088
03A82924,517733.7755756464
02A82945,448101.668909168
01A83041,185364.9157412201
07A83148,431334.49770624
04A83174,623115.8023520504
06A83305,109074.50514555608
06A83475,156631.99617126677
05A83533,583938.7670111415
04A83569,739684.6434605442
08A83630,340214.91480552696
07A83656,96907.19321690801
04A83812,366109.8334970629
02A83962,614045.7465212891
02A84025,694391.035469915
05A84322,361570.82311879395
03A84412,248482.32666553516
05A84476,429772.20006450894
05A84480,631366.3015967816
02A84736,260112.84147878116
01A84803,700004.0184342784
06A84976,265139.6542876472
07A84980,216878.01685804792
02A84981,135262.63043727799
06A85658,285526.5711175761
03A85659,448022.91602288664
05A85733,301340.614484064
08A85872,550486.4136804699
05A85882,139544.08012123482
01A86043,370738.9940948573
08A86110,479382.26550298213
03A86277,208852.32497789565
02A86280,464430.43394819234
03A86344,232626.36235257128
02A86355,234124.3562763127
06A86432,241471.43122500583
08A86865,581541.2066292996
08A87232,303216.24220100953
07A87415,317146.1111403843
02A87513,58401.36587047223
04A87531,366810.57702285534
01A87589,91521.64952397438
08A87595,268092.5871666004
04A87664,191957.96966605386
04A87768,275245.0992797302
05A87849,522904.61575364013
02A87915,562728.5836892985
01A87958,270638.4368810966
02A88025,372513.1682187901
01A88144,837560.0244495395
06A88150,268610.6707084763
08A88311,336892.5879793279
06A88338,204053.75226834335
00A88388,88120.0517775376
06A88616,457209.72311808215
00A88698,688582.8685472755
08A88725,330989.8552907653
04A88776,543182.155299602
08A89000,125335.4194448766
01A89546,612741.8474496659
07A89659,83748.10716493758
07A89788,184845.927141117
04A89840,485993.9042115036
02A89866,525307.5281279702
04A89905,652603.0980294052
06A90059,187148.00913172288
03A90106,452661.5111958681
06A90206,326917.5730342634
05A90246,651995.8866599407
01A90256,231691.0197692665
02A90270,545069.6141715305
02A90318,490391.14796189667
03A90393,348857.1553983575
06A90459,467548.27802360425
02A90476,599813.4610544619
03A90557,207954.22676017313
05A90725,327066.3994349193
04A90733,241434.4367690213
08A90744,429847.5056657051
05A90754,224699.78269140713
01A90762,384715.98758557346
00A90800,375145.23172420834
05A90845,131250.2149989482
06A90948,297098.9959654743
03A90971,149759.24184112236
03A91207,614777.0035214502
00A91227,262368.11064791743
06A91257,387460.8978361551
03A91400,370306.37551812443
03A91432,361259.9613104565
02A91653,300023.4042289535
09A91674,466910.0143510304
01A91746,148056.23709529918
02A91753,250736.74650348013
08A91902,196133.01893498274
07A91963,425860.81418966886
03A91996,161580.42327459747
05A92034,236484.15580198445
03A92176,488188.85967506847
07A92219,210315.65131999386
07A92275,331932.4176499878
07A92580,458208.02482647117
06A92628,236262.93138657705
05A92682,1071512.5773681318
08A92794,309290.95288988267
08A92868,96816.29758651354
06A92887,494099.93120039103
02A92922,83731.94739121213
01A93011,308286.10039908026
01A93191,358150.3459497913
04A93337,198164.67183818982
03A93338,257229.34715645335
00A93339,618051.6950095055
01A93341,453217.39862377895
01A93350,383777.96342190687
01A93414,235442.67202679298
01A93455,509451.4025822223
06A93543,355035.18792119366
05A93672,140497.10352008784
01A93709,67410.61848953915
07A94033,275352.2882394109
02A94054,213412.18300043666
06A94077,198719.87521368213
01A94106,221129.94539871268
05A94123,111254.93653277661
06A94166,296695.70304462226
01A94259,145495.1057756974
07A94595,190989.05936446862
08A94597,294258.3571598812
06A94685,376154.55734893936
04A94698,191771.50403780653
04A94759,252645.33330583
00A94810,320814.96826863236
05A94867,449614.21928669733
05A95168,617840.6433314502
03A95256,496265.1334726355
08A95322,170243.98827809282
01A95354,389850.83809357224
01A95554,189564.50143630168
09A95627,531077.3394751601
01A95681,759364.5844447555
05A95816,129341.03013624919
02A95907,429600.7007526133
04A95919,215309.41178728672
04A96051,389048.02867788443
05A96142,363071.9723249691
01A96149,303420.6206064735
07A96168,345267.9469014776
01A96221,99349.8470489386
07A96223,499968.9711092484
06A96351,219433.89068147703
03A96707,397805.9678687654
01A96946,636049.4000956108
04A96959,313513.74564095214
05A96993,214124.27661195837
02A97139,74116.72065636194
01A97254,422173.08248042216
02A97257,200030.5307287543
02A97446,544863.6260527609
06A97508,376982.4274817198
01A97517,101471.89786266373
05A97519,110043.51525250154
07A97531,283793.3187112769
06A97689,368595.5924473457
01A97755,138293.18109001374
05A97931,521870.2342034027
08A97943,372523.91847197956
01A98005,398160.75803982007
07A98087,657345.6174314799
04A98201,103158.99800679869
03A98295,394012.49551274447
07A98321,360861.0707774104
04A98349,647804.2679510392
04A98478,341280.54502784635
07A98488,394060.4323234955
04A98497,399227.636932048
02A98529,540540.1050295683
06A98595,248406.9548119517
05A98606,354598.7288081698
02A98613,165020.73237633592
06A98701,321694.8324225757
03A98848,276713.5137433012
04A98867,543886.6721421747
02A98903,87899.10689547546
08A98915,245323.0012783013
06A98930,282751.51820603845
07A98969,451846.2014370109
03A99000,177037.3511529041
08A99032,338785.0676853572
04A99192,369237.5536085622
07A99365,612177.9316578301
02A99528,470156.776753377
02A99603,438936.6184625016
02A99649,322468.8445247104
06A99723,591970.8019588367
01A99853,267389.10181831766
01A99943,398670.6683942585
03A99978,118236.93743365034
6A100001,353289.847313319
2A100058,381330.6101262802
5A100064,229507.02004296167
5A100196,366543.51193840365
5A100205,188951.4935437432
8A100348,203899.53574818402
8A100606,190546.25118890186
4A100620,522592.3638033557
1A100730,138797.10253545165
2A100811,330256.2034448949
6A100818,144637.2321161625
4A100875,534277.5168010078
7A101049,443627.5468342423
6A101067,216688.37509251502
5A101247,402412.40734729636
8A101307,113315.31317910689
1A101346,226781.38385986656
0A101357,372445.74163265835
2A101408,444116.84562426043
1A101779,73420.94598902902
2A102068,264513.26568955055
4A102128,231586.72942290388
4A102147,213071.53916324844
2A102210,374478.7945114862
2A102314,213227.91190937112
4A102330,252776.28043396657
1A102397,446621.7522655175
4A102483,542286.1856387514
3A102772,698543.2769793464
1A102930,288883.2798240096
4A102940,385445.51045597217
6A102957,550359.0463650133
1A103007,933197.0893780417
7A103026,521981.9555512537
5A103175,680175.5655112924
4A103327,104173.55679761832
7A103439,220270.4753675985
8A103597,266665.35654563486
2A103656,615925.0509670718
6A103822,358823.73079300445
5A103849,352222.2802315964
4A104008,458035.7456576318
2A104057,471991.5846924903
8A104059,492427.4094649798
4A104098,273891.18563702586
7A104106,872434.3134269642
2A104388,232391.92044658447
2A104515,105376.98778360806
9A104520,134927.91358749248
8A104528,322349.935008014
2A104530,297127.31692496006
2A104552,495805.07817754126
1A104631,137550.76909740613
3A104720,319715.69264264434
7A104739,795358.089380344
6A105007,388480.2338287055
8A105092,360162.16144692205
5A105113,105378.24868777208
6A105120,212564.1045557439
8A105185,235293.25521297497
1A105204,231689.4812018229
4A105286,474352.7671279057
1A105370,374271.83529141895
3A105375,543852.9358342567
2A105610,694942.0291289643
9A105717,348630.8512675823
1A105732,322779.74847955885
1A105764,472360.51690553373
4A105821,347669.38070928224
3A105984,151178.7368212915
5A106034,100779.55761442748
2A106080,306960.37277318817
4A106198,151345.16958834932
5A106303,246129.05801951658
4A106390,260388.05163638183
5A106465,329729.58070982964
7A106497,401886.0904085662
9A106569,346272.89763615764
7A106577,207537.826136993
5A106583,469350.9423380742
5A106741,252584.82867640513
4A106908,723622.7121185175
3A106946,291702.9444112263
7A107033,250302.85056199774
5A107043,557587.8893699337
5A107096,130619.1723110213
2A107196,247269.47652489963
9A107396,188233.5398846822
2A107670,432895.00494055165
8A107866,407954.75084424525
2A107872,388851.6538514117
4A107879,351780.5854434213
9A107948,316504.6194655492
3A107950,483972.013374811
7A108053,270096.7704608948
9A108274,508941.67416099476
7A108339,581080.9253880301
1A108346,310579.2278647761
0A108349,557017.9484435773
5A108565,274001.8715857451
3A108830,648101.7688671991
3A108857,225990.8250943253
4A108962,415629.0133483937
6A109154,569916.2008399626
4A109176,346962.4490118949
5A109353,252894.05848400082
2A109363,502775.67840365367
4A109400,152627.45757343766
2A109488,177501.2766586584
3A109532,323737.7326893829
2A109698,465838.69412330625
4A109793,413717.7175970925
5A109929,152815.76492114947
8A110034,303933.5922084856
8A110079,336486.50489482225
4A110408,184415.8451524206
7A110512,364993.0056259277
6A110617,150640.64687811985
7A110709,284134.9738690194
1A110732,361201.7406339416
5A110931,326264.3733833568
3A110936,555745.8519368022
8A111023,232532.63531437883
4A111075,607578.3816274583
2A111165,322414.07835173665
0A111180,734112.3042121298
9A111301,84586.06046258633
0A111384,219110.5157942217
1A111413,241793.11868392277
7A111440,799655.731397175
2A111458,178921.50317194217
1A111478,449559.05238495214
1A111534,218204.1189961688
3A111647,235513.4091673364
5A111753,185788.68347612102
2A111981,357806.62248632265
7A112024,255734.38076357034
7A112072,230533.21003640932
3A112189,351494.4424309869
3A112271,394102.5305718644
6A112712,451177.99142632406
5A112758,102385.16232165264
3A112978,92217.44067043308
3A113042,730200.9965343146
0A113059,114951.67181342984
5A113166,827159.9966168079
7A113187,265516.47487188433
4A113286,355530.81821623223
2A113313,226620.78871776792
2A113610,172966.710266904
2A114021,194947.2064472357
6A114036,382480.7415823032
1A114057,249174.62339299457
1A114102,573551.5710180437
6A114148,418884.6741624618
1A114247,599253.8477073541
2A114280,327939.8970048338
3A114331,345162.42615590175
2A114385,181634.94813741453
1A114431,472876.8804704137
2A114476,355006.6667422807
8A114494,214192.08710134306
6A114585,304723.32886677206
6A114661,259878.04394267013
5A114951,497238.31519587524
7A115052,254747.0954627536
6A115173,592400.1616993601
6A115524,126322.03931341806
4A115645,171129.51889294235
3A115743,276451.28287883906
1A115750,223335.48645738896
5A115758,599516.5110588638
3A115900,351414.19519247283
2A115925,168732.57999078315
7A115932,436508.90418443125
4A116186,314291.9298041686
4A116208,139762.11316282957
1A116212,379189.3918471349
9A116333,375037.0954670815
1A116574,496733.5287828752
3A116660,495216.35109417274
7A116702,286210.0403260087
5A116794,222587.33600993417
1A116905,91696.62833743395
4A116913,346696.3031257913
7A116933,231661.80773944818
1A116990,331254.44438801875
2A117237,533344.8536005382
7A117257,236866.35796402948
0A117270,120516.01533819965
8A117390,150469.06068199736
7A117452,325521.3889702766
8A117477,274064.43785247265
4A117496,176864.41345115378
2A117540,303486.68509294157
1A117687,325920.37135106546
0A117730,245612.2917550946
5A117768,138938.6560056411
3A117771,296082.3114711806
5A117861,379307.4475836446
1A117891,290384.1802820365
7A117893,363715.9350374549
4A117937,386999.6799770395
1A118017,529511.2162202363
6A118083,435473.9838267179
2A118387,321511.65908176155
5A118402,179364.58601045443
1A118473,657546.1894775045
2A118611,415349.04482448223
0A118658,342193.4491636492
7A118660,575166.6696635081
5A118794,214282.82723181043
1A118864,149351.3673756216
3A118945,389417.68892939505
3A119036,257694.64206297716
6A119204,485427.8443734482
5A119222,537517.0127649287
2A119475,364400.68847347505
1A119544,533523.7305580195
7A119575,319799.7146452888
6A119606,302260.2123241637
7A119763,439654.0534587286
1A119814,218150.49635866843
3A119827,571095.4785722197
4A119980,121646.58426968328
2A119997,291274.89712396247
2A120002,465036.72649860446
8A120031,591358.9332518439
4A120224,272282.288815308
4A120356,149582.13571002128
4A120367,376599.11042053794
2A120469,299187.8871903757
5A120606,195488.79472739686
2A120623,688163.2201769408
6A120755,459215.20089362306
5A120846,287679.2513753077
7A121215,172707.30189832227
6A121253,363005.0944010736
6A121464,403517.6423870996
3A121475,422275.47227139265
9A121496,533215.2065250182
2A121710,567724.8364711895
7A121721,485128.0905155946
9A121932,311442.6572547891
3A121933,662972.391498985
3A122188,263352.5832732464
6A122195,362178.8657770274
0A122266,401099.8991906331
3A122298,558505.638310439
6A122465,369824.20989901427
8A122467,473440.94907248724
3A122508,339981.9805785576
7A122816,582165.1762964167
5A123056,170173.44484408273
8A123074,199732.69443200593
4A123075,178486.31048416707
3A123174,446001.7329860741
4A123289,369598.62614285754
1A123390,297533.5776604458
6A123610,476916.2327742339
4A123695,160291.79123296958
7A123744,504403.89549375017
7A123766,301074.60569707135
4A123934,523463.30017419235
4A123993,395361.7180102817
5A124143,311434.9313477039
3A124218,323907.0768505173
7A124352,284265.796348509
5A124416,572439.369256961
5A124553,479623.2958285158
0A124606,544391.901247466
8A124721,463739.55705325445
7A124736,512689.2176295611
3A124815,228514.42479603156
4A124877,147110.4676378749
8A125007,469070.1622375836
0A125016,205616.90223993475
8A125077,951363.9274610361
0A125142,215254.61925496752
4A125239,233659.70004591954
2A125243,201291.12000297965
0A125327,247466.28825665097
8A125338,271266.1209381914
3A125474,138751.15645717926
3A125491,342801.34562518
8A125505,214951.09975598264
4A125581,417827.72157423757
3A125738,463695.32337529946
2A125783,196302.7537862867
1A125837,200186.7363859725
8A125854,351041.3108123159
1A125890,728679.7695952865
5A126012,616836.4334650495
3A126397,402698.05147168325
1A126490,388980.5612709939
5A126557,67698.51233374073
6A126709,194848.757225034
2A126728,86567.60523710864
6A126758,284137.5698146651
1A127012,517094.8905472541
2A127086,305071.90729623823
1A127184,336090.79000694567
7A127391,474435.5110905634
3A127449,222823.8982896961
1A127468,433891.36650718714
1A127553,272262.2258620177
2A127605,193298.56104751484
3A127614,303680.70989715355
2A127670,256515.1199885732
1A127718,202330.51080920268
3A127827,248534.3341321245
3A127891,518798.826332193
7A127924,328013.2412686371
3A127959,528593.2958616706
4A128098,331601.67628294916
0A128528,193397.31129848084
2A128610,134153.43698342267
2A128695,300377.4035336692
8A128734,684309.0458810113
9A128770,512243.4905166925
1A129222,604385.4031742591
7A129360,554335.4168491227
1A129387,238937.94869013468
6A129566,582441.6885849168
6A129599,674717.9133279427
6A129749,499021.9506242194
0A129769,212626.496185212
8A129873,212402.71207754087
6A129877,462082.7210327092
8A129945,195290.9874218982
5A130033,134207.34583594804
3A130086,465140.4549867497
0A130088,543999.0346780644
3A130121,344511.6235698407
3A130153,444168.74929014716
6A130308,130271.6422512377
5A130420,352776.7052440395
5A130515,379382.9928278023
5A130675,331246.21314086445
7A130697,404133.8322910814
7A130967,225632.3696468776
1A131107,469383.3597511609
1A131136,472187.7259177682
9A131200,527425.5726658838
5A131236,404699.8606891077
8A131276,233242.2950244452
9A131323,94018.66948182796
4A131391,412420.4446452048
5A131448,469086.90561635257
3A131467,300221.040204904
3A131542,229778.83011856148
5A131646,368410.2436340773
1A131688,75340.71048386634
8A131854,253336.30889385543
5A131876,424928.23479804455
3A131917,600324.1864906194
5A131937,141463.03017884612
6A132023,233274.97250533136
7A132124,435045.0097839794
5A132160,289068.0392230933
3A132223,790401.3395442439
7A132244,305254.3724717534
3A132401,576941.0074824253
4A132430,416972.17269814404
1A132454,669862.0847689795
6A132578,341663.1993105737
8A132935,218861.10743165755
6A133058,492405.892755186
5A133169,535699.1111934403
8A133217,424287.54035854194
1A133337,472818.2027967779
5A133454,489074.15376795526
8A133513,78377.50922994457
7A133581,396893.15992406703
4A133696,306731.19297626696
2A133722,285776.0469443348
1A133755,265026.95500457677
8A133767,142849.53988343975
3A133895,383206.80115955457
7A134110,226285.62262694922
8A134112,181939.1323593438
8A134117,180977.942203019
6A134258,348166.872429801
7A134286,748728.3652191438
9A134305,368708.2655350959
6A134377,122201.49616594828
7A134407,342877.8138423927
1A134473,407127.9112026955
0A134562,266896.917739747
7A134567,89619.75511837268
7A134704,511128.3953575584
1A134741,475727.7129346042
3A134832,208610.02674185546
8A134885,172910.94017298604
8A135055,371038.14395852084
2A135114,150421.73517300357
4A135146,570476.8373366013
3A135193,370881.9871791432
7A135339,297908.3107988701
5A135418,218680.41120914413
7A135702,319302.3233193634
6A135741,126134.0873953929
5A135782,309020.2690208634
3A135846,419403.64279688377
2A135853,288651.81715762767
4A136155,291472.53939722705
1A136269,370978.7793045411
7A136287,319495.8362478979
4A136333,424464.9943226345
4A136397,553056.2329165327
8A136409,384236.40917935217
8A136456,426045.05914672633
1A136630,410141.1276359924
7A136650,138277.81109806104
5A136922,295605.6301476893
4A136980,387874.18375985
2A137164,421474.51780601504
7A137257,281135.65478250704
1A137333,374483.48063470126
3A137401,490743.5259710304
6A137607,502157.9071562911
8A137983,79108.75947870042
6A137989,268414.2586262216
5A138062,457560.78569861926
8A138332,634121.5435876254
4A138344,788819.2960612413
5A138486,423696.2892497267
1A138641,390761.6572278297
1A138667,336737.6220677215
1A139012,170673.7504617104
8A139611,288106.31349578605
8A139616,427277.60478709947
7A139696,638350.3207109306
1A139710,277793.8273026039
7A139830,216583.9986025645
6A139905,95077.61443335847
2A139938,363654.6752620242
8A140030,432003.29878496495
2A140189,197917.77085852032
8A140190,935827.9526817842
6A140343,231382.08115779402
6A140483,579069.6105702095
5A140532,630049.9003991957
3A140606,327015.1400181373
9A140668,211729.8936575593
3A140823,569825.7671045681
8A140953,750590.1768173894
1A141046,209856.92861457792
4A141470,347427.3209315588
5A141540,551173.3724478746
4A141604,567938.1619848142
5A141704,236157.3348496989
5A141748,522067.5119361729
8A141761,488454.44157526037
5A141937,414117.8779054986
1A142085,302219.423853456
3A142152,187302.1402320592
6A142180,214706.95953111787
6A142289,336101.0995947792
8A142417,109711.17543252475
4A142689,167639.42548771846
3A142764,180976.14228802652
7A142775,494099.93120039103
7A142814,130657.16729249811
8A142856,153647.31833002061
6A142859,859632.6717508462
2A142862,330022.9523845213
9A142900,370325.70270651416
6A142916,938305.953986614
5A142922,240937.60592611774
1A143019,305191.0657803746
7A143323,139256.71244042326
7A143428,359534.6206034637
7A143551,215696.3138510354
8A143645,323005.46723134967
7A143675,1011748.9922755979
4A143738,170323.53189251016
1A143761,218631.82741142274
2A143947,358215.26714059955
0A144036,406163.1985540128
0A144121,577064.4601999164
2A144364,562986.5480253792
3A144411,356265.6712023039
1A144495,402180.936056647
6A144566,514023.42050442146
8A144733,317056.22866079933
9A144734,331809.2944177327
1A144865,325929.264197931
3A144910,221108.66167684045
5A144940,140795.47965349926
3A145204,443504.98273002484
1A145316,128961.123769513
4A145379,393499.8661506584
7A145508,74288.19392742334
2A145514,431506.3820934727
5A145695,140257.68766706248
3A145702,414511.63302702876
1A145785,211312.48231594305
8A145790,405806.29666874855
1A145851,66976.45379428942
7A145857,243061.03356657978
4A145986,465012.6837661167
6A146059,63265.75311725336
4A146191,137769.5539694735
3A146208,553820.2686964101
1A146306,151811.76877367054
5A146309,391369.597322551
0A146326,109416.07822643395
8A146327,364210.5040831017
8A146388,350492.1926166474
3A146473,240185.82172389826
9A146522,451245.45683708414
7A146646,182474.54322922096
2A146720,426395.9002638314
5A146793,427540.85872700554
5A146941,496701.96217647946
4A147040,456329.69403892034
7A147068,728062.0681324106
6A147169,377502.81135825976
3A147241,164762.94629624474
1A147290,187313.77530543823
1A147572,395197.7381594913
3A147624,419388.0229579842
0A147835,596061.4924498657
3A148000,348532.742868428
5A148118,73740.83958012324
2A148176,468537.82091761974
3A148283,201262.6349560096
9A148284,257356.11962703607
6A148295,349265.2983829657
7A148428,259518.6162106582
2A148469,485803.569569115
1A148489,629336.4987728309
8A148602,169225.28424603082
6A148969,381205.4242850144
4A149066,355768.76734518044
1A149181,371032.2456455068
1A149239,577236.926023943
3A149392,232245.825933108
3A149484,132154.1335085198
7A149571,121345.75237645292
8A149691,294296.95006616414
4A149790,133503.96292423928
8A150080,520051.626598678
4A150084,251723.00830962724
1A150168,379007.81126897736
6A150262,291610.04994397727
1A150415,440146.98686766316
1A150450,399373.9523657815
6A150565,226131.72325358432
7A150612,269033.5963931802
7A150806,552713.8058619929
2A150845,173750.39598958817
8A150853,322617.83250775107
2A150866,168183.3252714303
1A150895,109547.5550048875
8A150985,153085.28474875586
2A151065,182524.29590578
6A151169,126134.0873953929
7A151186,300435.8300291758
2A151297,499334.54671663174
7A151371,498909.5008586213
2A151405,197961.71753577542
5A151427,393537.50671142904
1A151585,361770.96175817394
2A151841,113084.29171692707
7A151911,377015.7518459736
9A152351,448522.32220125117
5A152367,133264.42238270945
7A152574,207943.04962826488
4A152581,487757.30334832036
2A152706,407792.829831307
5A152783,315880.282737588
4A152867,186329.33015691707
8A153144,235915.51946049032
8A153282,497372.4574386972
6A153310,550478.3779935205
3A153445,301474.94653576537
3A153629,387487.7357638658
7A153654,284790.60320764314
2A153779,145976.26775709636
5A153813,267933.09884196817
5A153857,272364.1950166924
8A153900,466545.41625821963
6A153949,107058.09790744957
6A154087,512657.97928334755
4A154252,88343.5326324725
7A154256,285936.7005881372
7A154339,541183.5666237434
5A154345,262286.62212437537
3A154413,465998.76078548486
8A154417,305160.54684655427
2A154430,217408.23235090566
1A154542,216973.21506430497
2A154704,248378.86026405712
8A154761,251336.68164312022
7A154959,466046.4552097168
2A155037,349770.67951351067
2A155134,425638.47102904593
7A155159,221447.06217495658
2A155184,567677.4974775848
2A155204,349922.3534125662
5A155215,192908.00258877286
6A155287,361036.347210357
5A155474,255793.37899431481
3A155477,473521.47624639445
1A155512,104526.96796441046
3A155634,514408.8152447714
7A155738,190826.94301281575
5A155853,435109.4681561276
6A156043,282943.50380103884
7A156239,519959.225886731
3A156398,482217.03831605456
2A156466,378230.4832763566
2A156479,374885.79154102865
5A156712,180888.58450865286
1A156808,226064.88341863538
4A156950,292350.3336876408
6A157052,184871.91028938067
4A157053,421972.9166786379
5A157066,424748.9869386083
6A157074,356390.52898017265
7A157103,174870.94305393565
4A157116,716371.8462463409
9A157197,488983.7241611577
6A157201,299012.15999180416
7A157218,282556.8013630362
1A157294,427339.12582285184
3A157469,256964.74976667043
5A157470,124381.99545756522
2A157850,432433.2157305445
3A157964,817865.5571496174
3A158091,1021478.9383150921
6A158093,478924.57659895724
9A158131,159302.04292198317
5A158189,411085.92173090763
5A158300,239651.35069556194
3A158417,133114.5086036024
2A158453,659816.3996398331
5A158478,442214.55211818503
1A158525,245214.30969790948
6A158553,244299.59821871528
8A158864,805675.6424936717
5A158949,179730.53978260705
5A158980,173792.37780450075
8A159136,288816.8785912799
1A159367,322468.19363313064
3A159382,149565.14641547654
8A159584,761654.176236107
8A159623,73236.89665953774
5A159633,386727.4842680941
8A159679,518929.39232758846
1A160019,400969.21792589634
4A160025,269172.71691814496
6A160146,284923.9397344367
4A160177,290335.7354607023
7A160344,390460.85442433105
7A160359,824825.6437096754
8A160416,284243.5460518747
7A160425,620940.1608543921
4A160441,246976.6963596788
2A160542,195777.19997785124
4A160546,754833.9855145584
3A160595,320303.9283033226
4A160795,226838.59786042126
7A160859,326535.99713721016
3A160872,299912.9127025678
2A161011,492605.1368554393
3A161053,516440.17745000037
4A161076,606965.2146632472
8A161113,166933.21632895846
4A161136,127150.97531069392
6A161170,363882.0074599266
7A161246,187502.32812313584
2A161263,137465.4076629914
7A161390,361896.34196392377
1A161481,458686.80358800146
2A161571,449683.3285317273
1A161611,190390.41066544576
8A161713,607865.1766377061
6A161734,381999.337948083
6A161755,511279.35334900947
4A161815,299971.22208491276
1A161816,458306.4380740407
8A161877,344176.6971187656
7A162065,122115.32971883884
7A162077,197773.90215844332
1A162180,357634.13662794983
8A162479,254264.51698275242
5A162594,378089.14414889837
7A162648,267181.3283817096
8A162836,519032.82322275796
2A162929,580131.2367899378
1A163198,277435.09400225384
3A163254,452501.52854891756
2A163288,450953.8726682233
0A163386,149475.19761023953
1A163496,392819.7811068418
3A163608,475263.73145647295
4A163750,295759.2086825862
7A163774,331156.8996854235
8A163781,220873.5128301543
8A163843,369260.64989573695
6A163933,385658.25770023576
7A164340,486779.51190138183
5A164487,351245.3592833119
8A164543,277465.7808004675
8A164552,224126.83448506764
0A164726,448944.93539960816
7A164844,513053.4330025869
1A164869,529458.3401460914
7A164905,192189.46495825952
0A165023,250363.84361288376
8A165058,231555.35535064503
5A165061,96020.25007420531
7A165138,398591.81814189523
6A165366,296307.5822943071
3A165396,610900.1379287374
5A165416,394510.23611203214
5A165707,580408.0343172139
0A165711,364545.7966816392
0A165724,528680.4670751406
2A165930,185454.5581627672
6A165978,163123.83111902548
1A166263,183248.0770995796
1A166411,191042.40997456698
2A166452,391621.48216531577
2A166476,699428.4025412394
8A166540,118597.98228344592
7A166598,205019.1951451754
5A166622,238773.82235456846
5A166798,224937.40067778828
0A166920,392586.8073075461
2A166973,234844.38819020762
6A167104,174109.14811249432
4A167431,277167.80860979913
7A167470,306270.16594181524
4A167526,213227.16432651517
2A167548,268442.14128132665
1A167553,144949.80864353618
4A167653,391876.1992710257
5A167904,250935.12070553773
4A168104,593413.7558716021
7A168151,349331.48001509276
7A168213,133189.97120550685
1A168233,551580.5537824397
2A168304,388971.7235634922
5A168370,366653.4201313014
5A168420,177943.31078441642
9A168432,272548.2172128009
6A168529,414937.7594875962
6A168579,311688.14968181145
5A168785,145143.5285047769
7A168813,647711.1758010598
5A169007,607337.6757090626
6A169104,331053.2891519293
6A169140,363472.32136066136
2A169290,309197.05132764817
8A169302,553769.3620016032
4A169438,291344.73483554786
3A169543,208012.75995769617
2A169547,350859.3024134875
7A169719,163083.29166356043
6A169957,447468.0044220823
7A170051,176408.88359073768
0A170059,130445.32905699644
7A170082,146157.8933720044
8A170087,626709.4603134957
2A170162,138545.83624595276
8A170174,313176.5513518824
2A170352,474950.91597516974
8A170496,150601.34172247662
6A170506,356814.86131923826
3A170529,467237.89931646094
2A170688,537692.4327638649
6A170884,341741.54824555403
3A170956,611602.172499002
8A170978,284934.3765448191
1A171267,442549.90917530813
5A171310,622393.937539851
4A171326,122069.62309947093
3A171336,370920.6879730193
3A171396,643363.1952780891
7A171398,87177.68748041154
7A171458,288599.87795494986
7A171718,187907.04943967343
8A171753,599711.3180816299
4A171780,104479.95316344492
7A171898,563954.4545182043
8A172058,308066.08738167235
3A172443,355912.9445525078
6A172782,177181.43011095782
6A172960,451904.6130924767
1A173363,359627.2696019743
5A173528,305174.0671422575
8A173530,168278.29075670647
2A173703,734877.3336991295
4A173776,214802.99174305281
5A173811,157690.54179528053
7A173953,307515.39686946786
7A174075,503530.3398037201
7A174112,360026.49365607026
8A174175,164550.8425272418
5A174643,396640.99474396114
3A174673,301241.94211130036
6A174767,258717.37172479776
6A174772,342689.34480990045
8A174861,363478.0412159525
6A174896,410695.75460636214
3A174935,154967.7253233608
6A175031,219712.2271141448
5A175105,200308.93157222646
7A175129,79219.3666554713
3A175162,938103.1802926406
8A175287,221389.20022278148
4A175331,234242.5674263293
4A175491,122291.62463990727
1A175663,142616.2927498584
7A175686,461939.79529908026
3A175757,525139.4983807529
7A175825,331443.60923028947
6A175836,107775.18937376444
8A175873,287123.0048716066
2A175912,546368.4521319589
1A175915,614070.1732770416
8A176039,517217.5741668065
1A176146,407515.5862701825
6A176283,191588.33841001987
3A176289,476428.8881346927
6A176304,521154.58897763886
7A176323,388077.31605378457
7A176325,388027.13826273225
1A176514,359053.62722009857
8A176673,289882.3234574392
4A176747,434983.4881783007
1A176823,232676.69120597394
3A176836,211170.66146642878
3A177068,257637.55926821884
8A177085,172251.54983816747
8A177175,118509.01287565201
9A177192,390761.69835832674
3A177233,423181.45534997946
7A177281,284743.007987263
1A177287,552954.8806931279
2A177398,278189.4370637819
8A177440,106530.73724608796
7A177504,172251.24917024345
3A177513,528450.4186168566
6A177539,350020.517012155
2A177577,335794.65076686617
7A177939,409666.0194663457
1A178059,443072.60052281985
6A178157,365398.388334026
6A178181,325550.0572846628
7A178184,463671.25155194424
3A178544,257925.13361709742
4A178560,448127.73520549876
6A178571,69136.42708657554
4A178816,713124.3984105521
1A178855,82181.82013384542
5A178918,237564.29779650425
7A179033,215759.43093928605
6A179079,525180.0795931682
5A179118,422693.2559563695
7A179133,349171.0990725313
1A179153,362722.34489457187
1A179281,503112.53063597303
2A179306,331148.66967725096
8A179350,132792.59084514662
5A179406,227409.91812366474
8A179428,355559.2121814128
7A179532,137901.7046205465
2A179600,414220.273648354
5A179638,236346.274882
4A179650,569919.3705640032
8A179843,229115.16085524103
0A179845,402280.86810651777
6A180010,249263.43798261255
3A180068,262892.39608890354
8A180114,90631.59561515997
3A180215,394391.93336048815
1A180284,581496.3004768465
6A180416,459796.89408280083
3A180518,497672.621302968
8A180597,200705.38511051703
8A180615,345397.30644513917
4A180706,463671.25155194424
7A180715,303342.48395163135
6A180812,515085.585471337
1A180912,290809.1671376255
4A180943,293338.257977483
7A181061,252659.44919558943
5A181099,266257.1335632431
6A181215,245124.9664727268
5A181295,269081.9367349498
6A181382,220260.3636338726
7A181741,89260.41238432218
4A181794,122779.06391748939
7A181855,475724.14078424167
6A181924,306333.68347752385
5A182099,70164.24856431586
6A182139,397403.33370948286
6A182227,242293.61780655853
7A182240,78127.41126321262
6A182244,286300.2921573111
5A182258,537989.8217237202
8A182316,182734.7389859044
7A182675,137289.43395172484
2A182677,116175.36076468752
9A182831,243607.58193035322
6A182863,177779.8814941825
2A182872,172386.1371587039
8A183189,69566.4045531298
7A183268,620208.6360276088
6A183271,815256.7716460192
5A183707,469235.56515515625
1A183953,128420.53536499044
4A184070,249740.84917648506
1A184312,392484.63415118173
7A184631,81415.07637441783
3A184729,192139.86137575418
3A184752,185082.71319748444
4A184768,359437.99510829506
2A184785,716451.575609329
5A185000,406989.4841429046
8A185187,350723.7725667459
7A185312,120969.94431127429
1A185323,263747.07328070566
5A185331,335420.09477411903
8A185344,951121.090701403
3A185521,74581.8962099775
5A185604,368232.8400460936
8A185667,397081.117706612
8A185704,145209.646070852
4A185751,576737.8216157058
8A185963,519530.7392500973
3A185979,200643.7710228133
4A186179,387168.35931766446
2A186308,288934.89026986074
2A186393,154951.2697936349
1A186593,116723.73987496065
3A186700,368478.1882576419
1A186883,236805.07773430058
3A186959,380486.5682637332
4A186966,342890.67542126006
5A187311,556467.677818481
4A187434,369529.77223981597
4A187508,329646.1401822525
6A187527,338136.3655359419
8A187626,453449.57763557334
6A187627,753938.737899338
6A187658,248232.2759795088
4A187726,397666.06432353007
2A188016,166285.43807419584
0A188019,194946.4149348901
1A188058,287356.09408263623
8A188081,638567.96194037
0A188089,106792.69255870217
1A188148,473129.10090470314
8A188190,92498.24702157233
3A188335,62824.6447758309
3A188506,304459.2061072165
7A188520,469412.8044340947
4A188526,267302.4896117691
8A188614,170599.8149107074
5A188693,97268.50222182402
2A188817,139892.8865390446
9A188842,312023.91916069185
2A188870,368872.3893439626
5A188951,484516.4401914108
8A188979,380319.11207656027
4A189021,951054.7463338112
2A189127,287526.20557476854
1A189269,298320.1049152699
6A189370,191511.83018561164
7A189445,505443.1300586462
1A189666,221506.75918013515
1A189682,615396.7108116979
5A189772,411727.3224190894
1A189791,479987.45241265005
8A189922,310222.762940064
2A189933,283738.87443346006
1A189956,313094.9080780425
7A189994,424454.9756020143
2A190159,636117.9604510646
3A190201,181562.12439475022
3A190845,336373.5615374671
9A190908,76760.78130245952
7A191017,87284.73576474884
3A191157,538665.3848361945
3A191258,651259.6684764108
8A191310,181070.78892476196
2A191439,491393.9390859602
7A191443,1111.1111111111113
9A191490,342596.75731113483
5A191595,204760.80360790112
6A191619,282579.70278669306
8A192072,566426.3754082844
4A192494,498281.8277060092
8A192519,442040.9009903892
4A192593,442139.0100426974
4A192727,461653.1800627436
1A192757,387584.3551910718
7A192763,378068.53896723845
3A192793,299756.55329637823
5A192866,314459.73531047994
1A193082,340928.6301387943
8A193171,730573.687247934
4A193256,449380.4605150849
3A193311,157438.51927634876
5A193387,208246.03146415605
4A193498,71498.1482963097
6A193520,175178.02102637265
7A193573,433659.5857012196
8A193583,542245.3464780637
6A193655,344585.70532944443
7A193876,105668.74302647097
8A193888,146921.34343206589
6A193923,224182.39266305423
3A193927,174134.96629314925
4A193970,224924.97896875435
8A194190,398745.0684647027
5A194233,465113.07896499115
1A194275,956958.9751946813
4A194649,366925.2762826844
8A194714,311010.9964503396
6A194798,166483.85465792034
4A195072,346696.3031257913
6A195200,135311.23014053324
3A195301,134720.95899117953
6A195408,180886.71380859934
1A195414,184834.1047457973
6A195544,313223.94606390846
8A195549,537892.517654828
3A195673,541427.7634398439
7A195677,251001.39145251678
2A195817,661036.1226120732
7A195842,210718.91320523815
4A195869,436874.50894138037
3A195884,217656.22839290008
6A195902,361601.6623687968
2A196012,241694.45910836227
4A196058,421814.8421095989
1A196212,556649.346069608
4A196430,605176.9544842739
8A196597,328580.5860557957
4A196611,254076.97394730177
3A196676,394315.7147682723
8A196768,324618.7185860573
6A196832,441675.81301211996
4A197053,132813.26479236066
1A197155,510641.8481470314
4A197230,119294.78789168895
6A197353,427625.7882710328
3A197400,241231.61493760522
2A197460,332200.60441948654
5A197526,270106.7535664824
6A197549,289363.06710460555
4A197574,230676.2464871061
6A197576,597486.5204375561
2A197654,541054.6786372046
1A197717,267504.6154846229
6A197729,485354.8726714096
5A197806,411092.77001351654
7A198022,523799.33208332094
1A198100,380330.9757789568
2A198407,195730.45939905805
9A198570,172593.54541007173
4A198627,290883.9145707644
4A198685,843153.474073356
5A198742,571085.2819153616
6A198759,270327.66282052174
1A198790,160094.62184826567
2A198902,477858.32160789456
5A198936,579177.6298469899
4A199072,77815.28878506701
5A199194,325870.54774923646
3A199312,329537.82785874215
6A199338,328411.9447249193
5A199462,220878.4332003028
1A199543,296399.64733048266
6A199555,235741.04096470456
8A199650,215315.0764660773
6A199661,135386.26701993286
9A199764,373279.8668453124
7A199903,335291.2515412572
1A199916,154683.44000338454
5A199932,261914.67834250972
2A200072,349985.96412082406
1A200123,289490.2242315047
2A200226,151857.9270307825
2A200227,438585.4156961289
4A200228,449784.2863758497
4A200347,359319.1719450533
2A200440,298273.29388732574
8A200521,209006.24250479712
8A200759,552197.8676856133
5A200790,261070.80326588155
4A200838,507474.2696374641
5A200868,888948.6858251882
4A201118,505445.36396373255
3A201508,243581.84817635926
4A202174,282289.21254801814
1A202199,580266.071654019
0A202226,554097.7448925605
7A202293,287364.1867487961
4A202310,368602.24604206893
2A202348,164572.94145742062
9A202361,285159.8683552221
8A202464,313561.60304862383
6A202616,270587.8012435701
8A202650,204122.53463043206
3A202672,482588.17278138164
1A202694,210167.4726969439
4A202709,366445.9866425896
7A202913,301951.7668024075
4A202963,424950.83623555175
4A203032,222290.80580589743
5A203098,346724.2260583332
8A203178,132875.24861513617
6A203570,226594.15131864653
1A203790,372954.74251102697
5A203809,228486.0741954933
6A203852,136303.5116385799
1A203902,444223.7946316871
8A203920,394098.7814213468
6A203997,464763.9179075674
8A204081,543795.332252966
3A204192,406564.58544960537
1A204251,180731.71410752236
1A204261,109990.57695746321
7A204316,531862.0487447673
0A204354,392466.6773529827
3A204383,110236.70888430564
1A204415,67939.59330052021
6A204520,174442.41673708262
6A204583,147924.39560749664
5A204610,296157.5972598865
3A204654,289720.82422990433
3A204706,238481.93014250178
2A204939,102330.32452511569
7A205040,194941.92319116573
7A205120,82499.18680971702
5A205307,237665.4784938412
6A205328,72882.61898857035
8A205347,129620.49157583997
3A205380,178754.14787780415
7A205393,573120.0556011219
0A205597,463721.34585095197
5A205625,382247.2648052454
5A205636,388468.3918254802
5A205775,358862.6655565085
6A205914,84574.75983636577
3A205919,303565.572664807
8A206239,831042.4068561132
2A206441,249301.50775043134
6A206563,140820.55493816952
8A206688,368695.29549161764
6A206757,274394.35576343606
4A207021,356899.5745709564
3A207122,200768.47104249534
2A207124,294136.6504859028
5A207225,518618.24848120194
7A207608,179138.6838093731
7A207686,203284.34725749146
5A207735,194029.9778559264
4A207757,276029.80599893286
4A207811,413299.1561230244
9A207873,220637.0746567674
9A207903,577261.1559464682
6A208081,547497.4561201769
3A208098,541855.2935449593
3A208110,327759.61749996856
4A208205,260688.32920297363
0A208333,230819.91458049917
3A208347,203471.9909987144
3A208380,315361.31167245965
7A208485,840274.9131541005
7A208500,291650.75067236205
7A208525,258638.07861581555
4A208552,135790.44502800092
2A208566,392540.7390745773
3A208578,248346.58179666827
5A208705,592524.0172628044
0A208719,462663.8748115606
4A208759,167048.87898709846
5A208828,207678.60186850207
8A209172,255966.27566711558
4A209316,425217.7404342845
7A209330,141600.97905910303
1A209695,451751.87513579417
8A209720,195481.56605116563
8A209744,218309.35648371067
1A209763,586175.0165291454
2A209783,699438.3973908724
8A209830,289333.2331196594
3A209957,394198.1940537224
7A209973,385865.3000015095
1A210028,327671.2697834272
5A210078,220231.62617989085
4A210317,457055.3719216116
6A210576,408666.0725862606
3A210715,667492.0045589911
5A210956,539421.3039349145
4A211091,440949.9304381663
5A211095,296058.68077037635
2A211194,119532.2658291666
2A211254,223606.5495771537
5A211457,407970.44976098335
6A211593,326112.50416696275
3A211610,259579.7338406531
4A211689,285472.0614708354
6A211733,305526.567693835
6A211749,390776.54623781453
8A211757,333554.535633414
7A211847,253436.21730603543
3A211872,486442.7715558357
4A212209,302296.2947513919
5A212399,199992.7720693858
3A212476,278113.80255760247
8A212582,254379.54104524036
8A212825,524431.7563228272
7A212948,224866.02555064257
2A213049,730754.8893076193
2A213090,631324.5621938563
6A213180,199506.20241779578
5A213418,151432.62513619105
1A213491,367183.7434540033
9A213511,210053.62974374287
2A213770,274923.7324032465
5A213935,296738.21003533556
8A213969,178491.30519219514
2A214036,371630.400099707
3A214118,250156.161785102
3A214136,84772.30186950586
5A214177,177737.5477820456
1A214293,658800.0336103577
6A214363,237029.54969883984
0A214455,531309.4406713636
5A214795,349215.23205890297
6A215028,347471.06016501406
4A215052,148356.92413003088
7A215211,352972.6858560707
2A215237,360004.92832222115
5A215315,487375.05611497036
7A215457,166044.88020631275
4A215530,301257.6014643272
4A215577,512745.317117621
1A215767,474040.3184847222
6A215887,653474.242260965
5A216031,147538.31516186995
7A216205,531718.0061973343
4A216434,185340.76107976842
2A216478,367186.8115998688
5A216582,153440.0447619703
1A216692,114591.71261619945
1A216707,298805.0672610783
4A216735,198736.53996622204
8A216810,257388.0194161369
1A216894,337924.4232458323
0A216927,336286.7622699471
1A216966,122705.98870226584
3A216967,219684.62532833018
2A217131,194811.47036846634
7A217151,615398.4508252115
2A217467,254314.5315659469
7A217488,442283.5019935648
8A217562,630490.830559767
1A217588,296494.128841161
5A217652,129283.77745564563
1A217664,493076.2337452943
5A217772,607674.4733987933
1A217789,137662.93424726426
5A217796,536878.9242517352
3A217851,769445.0815276287
3A217934,383604.0711890659
7A218177,317786.17942398915
8A218245,383877.6023086054
1A218328,274399.6062147733
7A218426,304460.976846277
3A218451,419992.0738559428
7A218517,232421.9372068644
7A218608,393915.15641250025
8A218716,466454.77609720017
1A218823,660680.3606504936
8A218952,105699.90991585578
1A219099,462842.28579113877
7A219161,346988.1379229524
9A219242,152117.3541668906
4A219286,254953.79109448637
2A219500,687172.6716221996
5A219560,379871.6212825116
2A220231,213327.8129572528
2A220286,386983.7119153143
6A220348,600279.9137669653
3A220378,403481.1844677632
8A220687,382408.89884302544
4A220753,98162.43213842117
4A220770,154445.89897728636
7A220807,373624.3500652797
1A220881,261259.06633084395
6A220900,247442.27033256678
1A221323,272124.66035960196
8A221325,290153.9453869556
4A221372,270162.1172952717
3A221397,440802.541859207
8A221466,279278.6975428425
5A221505,517216.52244318527
4A221621,181590.0432855215
4A221646,468628.79040968255
4A221750,217622.71972560868
8A221907,369923.28780897
8A221960,456904.1195208156
4A221971,286321.39157609676
5A221980,525393.4867449801
5A222264,150598.99328121127
1A222454,500101.1869316119
5A222550,223229.99377607496
3A222645,231518.83804293541
5A222811,299037.4729722729
4A222879,276617.9076681462
7A223036,336199.1391582674
0A223064,578055.6692435679
8A223104,143037.93441397097
2A223192,523516.60802901204
6A223221,88435.6419693232
4A223320,100221.51315281684
8A223343,605957.738190397
8A223470,353571.8593478299
2A223543,204168.06144211369
4A223643,270622.1574376225
3A223704,318201.43032297335
3A223743,281819.4363266027
8A223819,96360.59911200531
6A223905,299791.43077438074
6A223911,515999.2511932058
5A224014,162440.24470892202
3A224198,73709.3740946573
2A224301,221873.30755369854
6A224331,202812.73652380233
6A224334,141631.79698638094
2A224388,520401.4156519216
4A224512,455974.90598437324
3A224806,336974.52557220735
5A224868,658102.5658592968
2A225158,563962.6967478206
5A225230,329467.419360861
4A225255,422107.81144288817
8A225341,521167.1080392458
1A225386,465851.1021187185
7A225391,192667.4868545293
5A225492,275116.0406417657
9A225506,592921.6660580663
4A225563,237475.82585885617
3A225659,434908.6441405187
6A225665,137760.9621473964
5A225679,682747.5218410704
6A225783,396316.86369809625
6A225794,394217.84360483004
7A225920,117843.01651856922
8A226112,614653.8937554588
8A226196,81676.33950133964
2A226203,385370.733077445
7A226282,126545.61000762257
3A226365,275204.5986156423
4A226375,571250.48262366
8A226499,365499.9749570872
8A226671,426941.18036000815
6A226716,757271.3751830389
0A226863,317316.79487741226
8A226990,335115.2858479476
3A227069,284008.3300794978
2A227171,594453.2597044382
1A227314,276034.66179026436
5A227345,541191.1972475738
2A227356,294266.0229060792
2A227372,301194.8911864624
8A227400,357418.9641334748
4A227669,431475.6838442451
9A227697,514887.5541766593
5A227709,412801.010751706
8A227730,64605.9393490186
1A227946,200666.38319776647
7A228032,389018.45875029196
6A228057,351577.6337253091
5A228072,174352.40332210567
6A228156,598638.8594558919
3A228234,172490.78503878406
1A228340,725110.5316583302
3A228366,149767.7123357072
2A228406,199855.18254737364
1A228447,477158.5484619335
7A228459,624808.3109242385
4A228676,261530.1981530328
3A228700,321190.0555832391
1A228788,718378.3092308795
7A228799,369957.558771506
8A228826,281899.3462277253
6A228846,568708.5065485951
5A228856,125378.61738390417
3A228919,129056.22864485446
8A229102,416921.8485095155
8A229245,269420.7224792355
6A229306,183616.52579736014
1A229361,258647.2303497066
5A229473,241950.82231274826
7A229530,460945.74711004616
7A229750,460102.3677444497
5A229770,224733.4587440143
5A229783,304503.10428134236
3A229843,505443.1300586462
2A229937,515414.11317761394
3A230062,283001.5400930883
6A230327,650647.2449524263
8A230473,337437.81970667647
5A230562,502959.4538433731
1A230575,274435.63599046983
4A230785,405484.86673960974
5A230797,312878.7861322302
0A230824,454581.4920391689
4A230895,208175.7761734251
0A230909,155976.69670385492
4A231109,370457.50839482207
6A231212,268349.46415029344
5A231305,259916.3437849575
0A231322,705121.0523307814
6A231362,329034.6382009172
3A231465,264046.0348794352
2A231549,181303.9151723539
1A231569,419283.768052311
1A231682,181303.9151723539
8A231715,383706.7860733817
1A231717,196923.9951324318
9A231807,556525.7613604881
2A232007,418777.83949506824
2A232023,453325.0025867442
3A232144,369519.132760862
1A232146,345082.89030063647
3A232150,430981.17522289726
6A232236,697564.109502072
7A232263,268206.97501361533
2A232316,371251.6259428496
1A232318,268981.71656268614
8A232565,231662.42217553078
9A232578,404282.7385475289
2A232667,458713.80246753356
5A232681,172491.3793303877
3A232747,289525.51527537155
4A232807,403921.86098443787
2A232825,331235.6740858567
1A232859,176549.299721204
3A232904,435154.15885026776
1A232947,287619.8253932085
4A233016,619596.230221916
1A233476,563120.5823890262
7A233523,234309.09156064445
7A233583,483034.82936172147
8A233614,431150.12071101594
2A233667,486035.4857167817
2A233688,375992.15467028326
7A233972,391188.8519039898
5A234136,153593.87712690255
2A234171,250195.3346033218
1A234363,228992.85634680686
8A234379,456485.93189183605
8A234549,439243.3222698002
4A234606,239925.0601018143
2A234653,544382.1770374104
2A234756,244220.1382213201
1A235030,432089.2669822561
5A235196,273805.0503679155
6A235200,410695.0201407562
1A235243,380990.862549811
4A235310,438058.6988454155
8A235523,255541.50494939258
5A235531,86077.08771976456
6A235534,260954.50664974411
8A235894,314407.19855141407
3A235933,596956.7296324816
7A236236,285894.9337307826
1A236402,664551.6547172468
6A236470,254412.35499331297
5A236549,134022.06865927696
6A236685,247596.18756538793
2A236896,327893.07631434785
5A236901,114437.45851845502
5A236943,129283.10345825915
8A236955,373599.2236979723
8A237016,433255.9494595313
2A237039,178409.041632192
9A237275,296905.60280313966
7A237334,112987.89673635826
9A237461,175299.51212675852
7A237524,388664.125064834
2A237611,324635.68053010467
5A237650,350938.6709548833
2A237703,393279.1727533661
7A237717,497743.9299310484
2A237853,391339.4356243799
2A238000,312589.88060263015
4A238038,144714.85986737852
7A238067,245826.89756350714
0A238300,384171.6764107005
6A238313,256825.56323788365
8A238368,470289.9703511055
4A238370,676887.4024526033
7A238424,436736.1119904872
6A238509,329373.0707250708
5A238725,656184.2628655351
8A238761,238677.04907860074
7A238779,328620.481005964
4A238786,500701.8019190281
5A238796,196201.7979263439
3A238799,294447.8037751747
6A238850,207757.10565621592
9A238904,431758.0984753229
4A238914,526293.7995531989
3A238935,341809.7456222681
6A238943,629557.3776462984
4A238955,551636.212403251
2A238983,184425.89023551036
4A239302,228876.95813466766
3A239582,87207.08013532293
3A239971,114276.63333561299
2A240098,202812.73652380233
6A240303,269179.60379512375
7A240546,213345.24173149437
7A240583,281909.05518749246
4A240728,120704.40224389282
6A241132,317716.6280078053
6A241135,355950.57035544544
5A241245,254111.60442276436
5A241249,506713.39140025986
7A241296,943370.8587243932
2A241451,284367.60565033933
6A241477,463644.8521346697
9A241488,387381.10949307866
5A241518,299665.671662822
4A241529,346873.4540594064
5A241575,459048.59164205845
1A241667,431465.43601871375
6A241698,421282.17525737634
8A241773,161098.23117790153
4A241856,251206.0782669639
8A241919,161408.5209810247
2A241967,385784.5213090209
0A242020,213122.6807323261
8A242079,142102.06198071572
4A242306,283254.9666433375
3A242384,544860.8288224271
5A242452,195003.93277650612
8A242553,587204.171440814
2A242674,436997.7363279792
2A242683,338121.5133496578
8A242855,262960.6500247895
7A242995,251889.2714763206
8A243152,257508.1446792413
7A243189,299795.1965412751
8A243196,346818.3720825024
2A243225,142750.76569202804
6A243322,354675.6284035445
5A243358,360360.51402593526
4A243640,337911.607132832
5A243693,361974.75247441506
2A244086,635215.1162466462
6A244336,86138.41083595448
2A244437,368048.20007801143
6A244561,213137.41988345984
2A244641,226263.58128210195
1A244650,437113.9565838
9A244666,285322.549143566
3A244832,259476.4256686587
4A244882,55700.219514391785
8A244978,296518.83182592544
1A245060,156530.7221808212
6A245170,355953.3189428541
2A245274,261016.97864072473
6A245386,684809.4821832877
7A245516,434114.15902672376
2A245533,772847.8316746352
8A245565,349915.3888688809
7A245582,412456.97772910143
4A245788,369059.93279240484
1A245833,634467.1339650113
2A245879,340327.6120038516
5A245950,529508.7901633093
7A245969,415826.6261412706
5A245979,393397.6483737055
7A246058,263454.50485578226
1A246257,379576.40505717695
9A246531,274819.07473830925
1A246681,892522.4374985764
6A246729,222041.12643565217
1A246807,348728.0453021063
6A246854,688353.0969555826
6A247267,346891.39480228117
2A247453,241231.61493760522
3A247463,75327.79367918482
3A247688,84382.93189435096
3A247697,260850.51725783185
4A247753,197542.6188344072
1A247820,395809.30346631375
8A247832,419576.65214708383
3A247865,414795.8405037403
2A247911,137094.3308709412
8A247996,463219.7951002772
8A248095,397119.3987740348
1A248122,691649.6299817875
5A248139,385140.9950959007
7A248243,547560.7373844762
7A248344,227664.58064707386
3A248596,359169.51072495244
8A248859,594698.8567185776
2A248939,254128.6341529162
5A248942,397865.5419358769
2A248970,364370.35719728813
3A248987,519775.10984489083
8A249104,609655.8554405647
1A249174,194970.65417410873
1A249255,788625.8919063237
8A249322,516427.12971281784
7A249329,244843.3812028711
4A249342,244886.03088572863
4A249442,484415.1773483919
3A249510,133062.6580758156
6A249645,182225.78813086488
1A249679,202258.16252921283
8A249755,245661.4557872611
3A249812,294148.09839760046
